first_review,current_month
21-05-2021,1-11-2021
21-07-2021,1-11-2021
21-06-2021,1-11-2021
21-05-2021,1-11-2021
21-08-2021,1-11-2021
21-06-2021,1-11-2021
21-07-2021,1-11-2021
21-05-2021,1-11-2021
21-05-2021,1-11-2021
21-05-2021,1-11-2021
21-06-2021,1-11-2021
21-07-2021,1-11-2021
21-07-2021,1-11-2021
21-10-2021,1-11-2021
21-07-2021,1-11-2021
21-10-2021,1-11-2021
21-07-2021,1-11-2021
21-07-2021,1-11-2021
21-08-2021,1-11-2021
21-07-2021,1-11-2021
21-08-2021,1-11-2021
21-08-2021,1-11-2021
21-06-2021,1-11-2021
21-08-2021,1-11-2021
21-07-2021,1-11-2021
21-08-2021,1-11-2021
21-07-2021,1-11-2021
21-07-2021,1-11-2021
21-08-2021,1-11-2021
21-07-2021,1-11-2021
21-07-2021,1-11-2021
21-07-2021,1-11-2021
21-08-2021,1-11-2021
21-07-2021,1-11-2021
21-10-2021,1-11-2021
21-08-2021,1-11-2021
21-08-2021,1-11-2021
21-08-2021,1-11-2021
21-08-2021,1-11-2021
21-07-2021,1-11-2021
21-07-2021,1-11-2021
21-07-2021,1-11-2021
21-07-2021,1-11-2021
21-08-2021,1-11-2021
21-08-2021,1-11-2021
21-07-2021,1-11-2021
21-08-2021,1-11-2021
21-08-2021,1-11-2021
21-08-2021,1-11-2021
21-08-2021,1-11-2021
21-10-2021,1-11-2021
21-08-2021,1-11-2021
21-10-2021,1-11-2021
21-08-2021,1-11-2021
21-08-2021,1-11-2021
21-08-2021,1-11-2021
21-08-2021,1-11-2021
21-10-2021,1-11-2021
21-10-2021,1-11-2021
21-10-2021,1-11-2021
21-10-2021,1-11-2021
21-11-2021,1-11-2021
21-11-2021,1-11-2021
21-10-2021,1-11-2021
21-11-2021,1-11-2021
21-10-2021,1-11-2021
21-11-2021,1-11-2021
21-11-2021,1-11-2021
21-11-2021,1-11-2021
21-11-2021,1-11-2021
21-10-2021,1-11-2021
21-10-2021,1-11-2021
21-11-2021,1-11-2021
21-11-2021,1-11-2021
21-11-2021,1-11-2021
21-10-2021,1-11-2021
21-11-2021,1-11-2021
21-11-2021,1-11-2021
21-11-2021,1-11-2021
21-11-2021,1-11-2021
21-11-2021,1-11-2021
20-06-2021,1-11-2021
20-06-2021,1-11-2021
20-06-2021,1-11-2021
20-06-2021,1-11-2021
20-06-2021,1-11-2021
20-06-2021,1-11-2021
20-08-2021,1-11-2021
20-06-2021,1-11-2021
20-06-2021,1-11-2021
20-08-2021,1-11-2021
20-08-2021,1-11-2021
21-01-2021,1-11-2021
20-12-2021,1-11-2021
20-08-2021,1-11-2021
20-10-2021,1-11-2021
20-10-2021,1-11-2021
20-08-2021,1-11-2021
20-08-2021,1-11-2021
20-08-2021,1-11-2021
20-10-2021,1-11-2021
20-10-2021,1-11-2021
20-12-2021,1-11-2021
20-11-2021,1-11-2021
20-10-2021,1-11-2021
21-01-2021,1-11-2021
20-11-2021,1-11-2021
20-11-2021,1-11-2021
20-12-2021,1-11-2021
20-12-2021,1-11-2021
20-12-2021,1-11-2021
21-06-2021,1-11-2021
21-05-2021,1-11-2021
20-11-2021,1-11-2021
20-11-2021,1-11-2021
21-01-2021,1-11-2021
20-11-2021,1-11-2021
21-01-2021,1-11-2021
20-11-2021,1-11-2021
21-01-2021,1-11-2021
20-11-2021,1-11-2021
21-01-2021,1-11-2021
21-01-2021,1-11-2021
21-01-2021,1-11-2021
21-01-2021,1-11-2021
21-02-2021,1-11-2021
21-01-2021,1-11-2021
21-02-2021,1-11-2021
21-01-2021,1-11-2021
21-03-2021,1-11-2021
21-02-2021,1-11-2021
21-02-2021,1-11-2021
21-04-2021,1-11-2021
21-03-2021,1-11-2021
21-02-2021,1-11-2021
21-04-2021,1-11-2021
21-03-2021,1-11-2021
21-03-2021,1-11-2021
21-01-2021,1-11-2021
21-04-2021,1-11-2021
21-05-2021,1-11-2021
21-03-2021,1-11-2021
21-02-2021,1-11-2021
21-06-2021,1-11-2021
21-03-2021,1-11-2021
21-03-2021,1-11-2021
21-05-2021,1-11-2021
21-08-2021,1-11-2021
21-03-2021,1-11-2021
21-05-2021,1-11-2021
21-03-2021,1-11-2021
21-03-2021,1-11-2021
21-08-2021,1-11-2021
21-04-2021,1-11-2021
21-02-2021,1-11-2021
21-03-2021,1-11-2021
21-07-2021,1-11-2021
21-05-2021,1-11-2021
21-04-2021,1-11-2021
21-03-2021,1-11-2021
21-06-2021,1-11-2021
21-04-2021,1-11-2021
21-05-2021,1-11-2021
21-04-2021,1-11-2021
21-03-2021,1-11-2021
21-10-2021,1-11-2021
21-08-2021,1-11-2021
21-04-2021,1-11-2021
21-03-2021,1-11-2021
21-03-2021,1-11-2021
21-03-2021,1-11-2021
21-05-2021,1-11-2021
21-04-2021,1-11-2021
21-03-2021,1-11-2021
21-03-2021,1-11-2021
21-03-2021,1-11-2021
21-05-2021,1-11-2021
21-02-2021,1-11-2021
21-03-2021,1-11-2021
21-06-2021,1-11-2021
21-03-2021,1-11-2021
21-02-2021,1-11-2021
21-03-2021,1-11-2021
21-08-2021,1-11-2021
21-02-2021,1-11-2021
21-06-2021,1-11-2021
21-07-2021,1-11-2021
21-03-2021,1-11-2021
21-05-2021,1-11-2021
21-06-2021,1-11-2021
21-03-2021,1-11-2021
21-03-2021,1-11-2021
21-03-2021,1-11-2021
21-03-2021,1-11-2021
21-06-2021,1-11-2021
21-03-2021,1-11-2021
21-06-2021,1-11-2021
21-05-2021,1-11-2021
21-03-2021,1-11-2021
21-05-2021,1-11-2021
21-05-2021,1-11-2021
21-03-2021,1-11-2021
21-03-2021,1-11-2021
21-04-2021,1-11-2021
21-03-2021,1-11-2021
21-03-2021,1-11-2021
21-03-2021,1-11-2021
21-07-2021,1-11-2021
21-04-2021,1-11-2021
21-04-2021,1-11-2021
21-04-2021,1-11-2021
21-05-2021,1-11-2021
21-04-2021,1-11-2021
21-03-2021,1-11-2021
21-05-2021,1-11-2021
21-05-2021,1-11-2021
21-05-2021,1-11-2021
21-04-2021,1-11-2021
21-07-2021,1-11-2021
21-07-2021,1-11-2021
21-06-2021,1-11-2021
21-06-2021,1-11-2021
21-05-2021,1-11-2021
21-07-2021,1-11-2021
21-04-2021,1-11-2021
